title,category,text_content,user_id,date_creation
"The Force is Strong","Jedi Training","Feeling the Force grow within me as I train with Master Yoda. The connection is stronger than ever, and I can sense the light guiding my every move. #JediLife #ForceTraining",1,2021-05-16
"Rebel Meeting","Rebellion","Just finished a crucial meeting with the Rebel Alliance. We're planning our next move against the Empire, and morale is high. Together, we will bring freedom to the galaxy. #RebelsUnite #FightForFreedom",2,2020-11-23
"Smuggling Tips","Smuggling","Always keep your blaster handy and your wits sharp. Smuggling isn't just about speed; it's about outsmarting your pursuers. Made a few credits today and avoided Imperial entanglements. #SmugglerLife #KesselRun",3,2019-08-31
"The Dark Side","Sith Powers","Embracing the power of the dark side has given me strength beyond imagination. The Empire will rise, and the Jedi will fall. There is no turning back now. #SithLord #DarkSide",4,2022-01-11
"Jedi Wisdom","Jedi Teachings","Patience, young one. The path to becoming a Jedi Master is long and arduous, but the rewards are great. Meditate on the Force and let it guide your actions. #JediMaster #JediWisdom",5,2023-03-06
"Lightsaber Training","Jedi Training","Practicing my lightsaber skills with Obi-Wan. The blade hums with energy, and I can feel the Force flowing through me. Each strike brings me closer to mastery. #JediKnight #LightsaberTraining",6,2021-12-02
"Wookiee Roar","Wookiee Life","RRWWGGHH! The roar of a Wookiee is a powerful thing. It can strike fear into the hearts of enemies and inspire courage in allies. Today, I roared for freedom and justice. #WookieePride #WookieeRoar",7,2020-07-20
"Droid Maintenance","Droid Care","Regular oil baths are essential for keeping a droid in top condition. I've been helping R2-D2 with his maintenance, and he's running smoother than ever. #DroidLife #DroidCare",8,2024-09-16
"Protocol Droid","Droid Life","Fluent in over six million forms of communication, I navigate the complexities of galactic etiquette with ease. Today, I assisted in a diplomatic meeting and ensured smooth negotiations. #DroidPride #ProtocolDroid",9,2023-01-26
"Senate Update","Politics","Discussing the latest Senate proceedings with fellow senators. The political landscape is shifting, and we must stay vigilant to protect the interests of the people. #GalacticPolitics #SenateUpdate",10,2025-03-02
"Jedi Mind Tricks","Jedi Training","Mastering the art of Jedi mind tricks requires focus and subtlety. I've been practicing on stormtroopers, and the results are impressive. The Force is a powerful ally. #JediPower #MindTricks",1,2021-05-17
"Rebel Alliance","Rebellion","The Rebel Alliance is growing stronger every day. We've gained new allies and resources, and our plans to take down the Empire are coming together. Freedom is within our grasp. #RebelAlliance #FightForFreedom",2,2020-11-24
"Kessel Run","Smuggling","Made the Kessel Run in less than twelve parsecs today. The Millennium Falcon handled like a dream, and we outran Imperial ships with ease. Another successful smuggling run in the books. #SmugglerAchievement #KesselRun",3,2019-09-01
"Empire's Might","Imperial Power","The Empire's strength is unmatched, and our fleets are ready for battle. We will crush the Rebellion and bring order to the galaxy. The dark side will prevail. #ImperialMight #EmpireRising",4,2022-01-12
"Meditation Techniques","Jedi Teachings","Finding inner peace through meditation is essential for a Jedi. I've been practicing new techniques to deepen my connection to the Force and enhance my awareness. #JediWisdom #Meditation",5,2023-03-07
"Force Sensitivity","Jedi Training","Honing my sensitivity to the Force has allowed me to sense danger and opportunities more clearly. I can feel the living Force around me, guiding my actions and thoughts. #JediAwareness #ForceSensitivity",6,2021-12-03
"Wookiee Strength","Wookiee Life","Using my strength to protect my friends and fight for what's right. Today, I helped the Rebels secure a crucial supply route, and we dealt a blow to the Empire. #WookieePower #WookieeStrength",7,2020-07-21
"Astromech Droid","Droid Care","Assisting with ship repairs and navigating hyperspace routes. My skills as an astromech droid are invaluable to the crew, and I take pride in keeping everything running smoothly. #DroidUtility #AstromechDroid",8,2024-09-17
"Etiquette and Protocol","Droid Life","Navigating the complexities of galactic etiquette is a challenge, but my programming is up to the task. Today, I ensured a successful diplomatic reception and avoided any cultural faux pas. #DroidEtiquette #ProtocolDroid",9,2023-01-27
"Diplomatic Missions","Politics","Embarking on a diplomatic mission to secure allies for the Republic. The fate of the galaxy hangs in the balance, and every alliance counts. I will use my skills to negotiate and persuade. #GalacticDiplomacy #DiplomaticMission",10,2025-03-03
